ff,game,interc,passyds,points,rushyds,sacks,team,teamyear,year
0.0,0,0.0,0.0,0.0,0.0,0.0,atl,atl2012,2012
1.0,1,2.0,241.0,24.0,152.0,3.0,atl,atl2012,2012
2.0,2,5.0,459.0,45.0,270.0,6.0,atl,atl2012,2012
4.0,3,7.0,623.0,48.0,386.0,7.0,atl,atl2012,2012
7.0,4,7.0,828.0,76.0,585.0,10.0,atl,atl2012,2012
7.0,5,9.0,1015.0,93.0,714.0,13.0,atl,atl2012,2012
9.0,6,10.0,1340.0,113.0,863.0,16.0,atl,atl2012,2012
10.0,7,10.0,1518.0,130.0,955.0,19.0,atl,atl2012,2012
10.0,8,10.0,1830.0,143.0,1020.0,20.0,atl,atl2012,2012
10.0,9,11.0,2122.0,174.0,1168.0,21.0,atl,atl2012,2012
11.0,10,11.0,2163.0,193.0,1305.0,24.0,atl,atl2012,2012
11.0,11,11.0,2439.0,216.0,1355.0,26.0,atl,atl2012,2012
11.0,12,16.0,2774.0,229.0,1456.0,27.0,atl,atl2012,2012
12.0,13,16.0,3054.0,259.0,1651.0,28.0,atl,atl2012,2012
13.0,14,18.0,3213.0,259.0,1748.0,29.0,atl,atl2012,2012
15.0,15,19.0,3656.0,277.0,1827.0,29.0,atl,atl2012,2012
15.0,16,20.0,3878.0,299.0,1971.0,29.0,atl,atl2012,2012
0.0,0,0.0,0.0,0.0,0.0,0.0,buf,buf2012,2012
2.0,1,1.0,266.0,48.0,118.0,0.0,buf,buf2012,2012
4.0,2,2.0,538.0,65.0,268.0,5.0,buf,buf2012,2012
4.0,3,4.0,745.0,79.0,301.0,9.0,buf,buf2012,2012
7.0,4,4.0,1078.0,131.0,548.0,10.0,buf,buf2012,2012
8.0,5,4.0,1388.0,176.0,859.0,10.0,buf,buf2012,2012
8.0,6,6.0,1538.0,192.0,1041.0,15.0,buf,buf2012,2012
9.0,7,6.0,1731.0,227.0,1238.0,17.0,buf,buf2012,2012
9.0,8,6.0,1987.0,248.0,1356.0,19.0,buf,buf2012,2012
9.0,9,6.0,2217.0,285.0,1473.0,20.0,buf,buf2012,2012
10.0,10,8.0,2341.0,299.0,1533.0,23.0,buf,buf2012,2012
12.0,11,9.0,2566.0,319.0,1620.0,27.0,buf,buf2012,2012
15.0,12,10.0,2752.0,337.0,1670.0,30.0,buf,buf2012,2012
16.0,13,11.0,2959.0,352.0,1748.0,31.0,buf,buf2012,2012
16.0,14,11.0,3155.0,402.0,2018.0,33.0,buf,buf2012,2012
17.0,15,11.0,3274.0,426.0,2200.0,35.0,buf,buf2012,2012
20.0,16,12.0,3473.0,435.0,2333.0,36.0,buf,buf2012,2012
0.0,0,0.0,0.0,0.0,0.0,0.0,car,car2012,2012
0.0,1,0.0,128.0,16.0,130.0,2.0,car,car2012,2012
1.0,2,2.0,451.0,43.0,293.0,3.0,car,car2012,2012
2.0,3,2.0,731.0,79.0,418.0,5.0,car,car2012,2012
2.0,4,3.0,1036.0,109.0,539.0,12.0,car,car2012,2012
3.0,5,5.0,1248.0,125.0,637.0,14.0,car,car2012,2012
4.0,6,5.0,1475.0,144.0,722.0,14.0,car,car2012,2012
6.0,7,6.0,1606.0,167.0,801.0,20.0,car,car2012,2012
6.0,8,6.0,1792.0,180.0,952.0,24.0,car,car2012,2012
9.0,9,6.0,2087.0,216.0,1017.0,25.0,car,car2012,2012
10.0,10,8.0,2323.0,243.0,1184.0,26.0,car,car2012,2012
13.0,11,8.0,2430.0,265.0,1388.0,27.0,car,car2012,2012
13.0,12,8.0,2627.0,292.0,1546.0,28.0,car,car2012,2012
13.0,13,9.0,2954.0,312.0,1581.0,30.0,car,car2012,2012
16.0,14,9.0,3048.0,319.0,1651.0,35.0,car,car2012,2012
16.0,15,10.0,3190.0,325.0,1698.0,36.0,car,car2012,2012
16.0,16,11.0,3568.0,363.0,1761.0,38.0,car,car2012,2012
0.0,0,0.0,0.0,0.0,0.0,0.0,chi,chi2012,2012
2.0,1,3.0,293.0,21.0,63.0,3.0,chi,chi2012,2012
3.0,2,4.0,508.0,44.0,169.0,8.0,chi,chi2012,2012
3.0,3,6.0,609.0,50.0,228.0,14.0,chi,chi2012,2012
4.0,4,11.0,998.0,68.0,269.0,15.0,chi,chi2012,2012
5.0,5,13.0,1127.0,71.0,329.0,18.0,chi,chi2012,2012
9.0,6,14.0,1370.0,78.0,426.0,21.0,chi,chi2012,2012
11.0,7,16.0,1667.0,100.0,545.0,23.0,chi,chi2012,2012
16.0,8,17.0,1847.0,120.0,704.0,25.0,chi,chi2012,2012
16.0,9,19.0,1935.0,133.0,831.0,26.0,chi,chi2012,2012
16.0,10,19.0,2167.0,165.0,952.0,28.0,chi,chi2012,2012
17.0,11,20.0,2311.0,175.0,1066.0,30.0,chi,chi2012,2012
19.0,12,20.0,2594.0,198.0,1242.0,32.0,chi,chi2012,2012
21.0,13,21.0,2671.0,219.0,1413.0,33.0,chi,chi2012,2012
22.0,14,21.0,2949.0,240.0,1526.0,36.0,chi,chi2012,2012
24.0,15,23.0,3168.0,253.0,1555.0,40.0,chi,chi2012,2012
26.0,16,24.0,3423.0,277.0,1627.0,41.0,chi,chi2012,2012
0.0,0,0.0,0.0,0.0,0.0,0.0,cin,cin2012,2012
0.0,1,0.0,308.0,44.0,122.0,3.0,cin,cin2012,2012
1.0,2,0.0,617.0,71.0,252.0,5.0,cin,cin2012,2012
2.0,3,0.0,796.0,102.0,454.0,9.0,cin,cin2012,2012
2.0,4,1.0,939.0,112.0,523.0,15.0,cin,cin2012,2012
3.0,5,1.0,1150.0,129.0,591.0,17.0,cin,cin2012,2012
3.0,6,2.0,1368.0,163.0,701.0,19.0,cin,cin2012,2012
4.0,7,3.0,1632.0,187.0,868.0,22.0,cin,cin2012,2012
4.0,8,5.0,1923.0,218.0,936.0,22.0,cin,cin2012,2012
7.0,9,7.0,2112.0,231.0,1065.0,26.0,cin,cin2012,2012
9.0,10,7.0,2283.0,237.0,1178.0,30.0,cin,cin2012,2012
10.0,11,8.0,2402.0,247.0,1277.0,34.0,cin,cin2012,2012
12.0,12,9.0,2653.0,260.0,1323.0,38.0,cin,cin2012,2012
12.0,13,10.0,2892.0,280.0,1372.0,41.0,cin,cin2012,2012
14.0,14,11.0,3069.0,293.0,1414.0,42.0,cin,cin2012,2012
15.0,15,13.0,3254.0,303.0,1509.0,46.0,cin,cin2012,2012
15.0,16,14.0,3400.0,320.0,1715.0,50.0,cin,cin2012,2012
0.0,0,0.0,0.0,0.0,0.0,0.0,cle,cle2012,2012
2.0,1,4.0,306.0,17.0,150.0,2.0,cle,cle2012,2012
2.0,2,5.0,601.0,51.0,230.0,8.0,cle,cle2012,2012
2.0,3,5.0,807.0,75.0,368.0,8.0,cle,cle2012,2012
2.0,4,6.0,1144.0,98.0,469.0,12.0,cle,cle2012,2012
2.0,5,7.0,1403.0,139.0,712.0,12.0,cle,cle2012,2012
3.0,6,10.0,1765.0,163.0,788.0,14.0,cle,cle2012,2012
4.0,7,10.0,1938.0,180.0,936.0,17.0,cle,cle2012,2012
5.0,8,10.0,2086.0,186.0,1053.0,18.0,cle,cle2012,2012
5.0,9,10.0,2231.0,211.0,1190.0,19.0,cle,cle2012,2012
6.0,10,10.0,2488.0,234.0,1253.0,26.0,cle,cle2012,2012
13.0,11,13.0,2681.0,248.0,1302.0,27.0,cle,cle2012,2012
14.0,12,14.0,3025.0,265.0,1387.0,28.0,cle,cle2012,2012
14.0,13,15.0,3155.0,272.0,1567.0,33.0,cle,cle2012,2012
16.0,14,16.0,3463.0,310.0,1689.0,35.0,cle,cle2012,2012
16.0,15,17.0,3802.0,344.0,1807.0,35.0,cle,cle2012,2012
16.0,16,17.0,3923.0,368.0,1898.0,37.0,cle,cle2012,2012
0.0,0,0.0,0.0,0.0,0.0,0.0,clt,clt2012,2012
0.0,1,1.0,314.0,41.0,114.0,2.0,clt,clt2012,2012
1.0,2,1.0,546.0,61.0,209.0,6.0,clt,clt2012,2012
2.0,3,1.0,694.0,83.0,394.0,7.0,clt,clt2012,2012
2.0,4,2.0,901.0,110.0,543.0,12.0,clt,clt2012,2012
2.0,5,2.0,1000.0,145.0,795.0,13.0,clt,clt2012,2012
2.0,6,2.0,1264.0,158.0,850.0,13.0,clt,clt2012,2012
2.0,7,2.0,1491.0,171.0,962.0,15.0,clt,clt2012,2012
3.0,8,2.0,1772.0,191.0,1046.0,17.0,clt,clt2012,2012
4.0,9,4.0,2072.0,201.0,1083.0,21.0,clt,clt2012,2012
5.0,10,4.0,2403.0,260.0,1198.0,21.0,clt,clt2012,2012
5.0,11,5.0,2572.0,273.0,1333.0,23.0,clt,clt2012,2012
5.0,12,6.0,2885.0,306.0,1471.0,23.0,clt,clt2012,2012
5.0,13,8.0,3144.0,329.0,1568.0,24.0,clt,clt2012,2012
5.0,14,8.0,3383.0,358.0,1746.0,27.0,clt,clt2012,2012
6.0,15,10.0,3538.0,371.0,2098.0,28.0,clt,clt2012,2012
6.0,16,12.0,3788.0,387.0,2200.0,32.0,clt,clt2012,2012
0.0,0,0.0,0.0,0.0,0.0,0.0,crd,crd2012,2012
1.0,1,1.0,139.0,16.0,115.0,3.0,crd,crd2012,2012
1.0,2,2.0,436.0,34.0,205.0,7.0,crd,crd2012,2012
4.0,3,2.0,630.0,40.0,318.0,12.0,crd,crd2012,2012
6.0,4,4.0,1024.0,61.0,404.0,16.0,crd,crd2012,2012
6.0,5,5.0,1155.0,78.0,515.0,17.0,crd,crd2012,2012
7.0,6,6.0,1296.0,97.0,680.0,19.0,crd,crd2012,2012
7.0,7,8.0,1339.0,118.0,846.0,22.0,crd,crd2012,2012
7.0,8,8.0,1543.0,142.0,959.0,26.0,crd,crd2012,2012
8.0,9,9.0,1751.0,173.0,1135.0,27.0,crd,crd2012,2012
10.0,10,14.0,2047.0,196.0,1193.0,28.0,crd,crd2012,2012
11.0,11,15.0,2241.0,227.0,1366.0,30.0,crd,crd2012,2012
12.0,12,18.0,2353.0,234.0,1543.0,33.0,crd,crd2012,2012
12.0,13,19.0,2562.0,292.0,1827.0,34.0,crd,crd2012,2012
12.0,14,22.0,2790.0,302.0,1911.0,36.0,crd,crd2012,2012
12.0,15,22.0,2935.0,330.0,2063.0,37.0,crd,crd2012,2012
13.0,16,22.0,3213.0,357.0,2192.0,38.0,crd,crd2012,2012
0.0,0,0.0,0.0,0.0,0.0,0.0,dal,dal2012,2012
1.0,1,0.0,187.0,17.0,82.0,3.0,dal,dal2012,2012
1.0,2,0.0,320.0,44.0,264.0,5.0,dal,dal2012,2012
3.0,3,1.0,411.0,54.0,339.0,7.0,dal,dal2012,2012
4.0,4,1.0,678.0,88.0,432.0,9.0,dal,dal2012,2012
4.0,5,1.0,908.0,119.0,518.0,10.0,dal,dal2012,2012
4.0,6,2.0,1124.0,133.0,630.0,12.0,dal,dal2012,2012
5.0,7,3.0,1314.0,162.0,733.0,13.0,dal,dal2012,2012
6.0,8,3.0,1644.0,181.0,856.0,16.0,dal,dal2012,2012
7.0,9,4.0,1922.0,204.0,947.0,18.0,dal,dal2012,2012
9.0,10,4.0,2114.0,224.0,1066.0,20.0,dal,dal2012,2012
9.0,11,5.0,2402.0,262.0,1215.0,23.0,dal,dal2012,2012
11.0,12,5.0,2642.0,295.0,1398.0,24.0,dal,dal2012,2012
11.0,13,6.0,2832.0,314.0,1544.0,29.0,dal,dal2012,2012
12.0,14,7.0,3151.0,338.0,1613.0,33.0,dal,dal2012,2012
14.0,15,7.0,3597.0,372.0,1729.0,33.0,dal,dal2012,2012
14.0,16,7.0,3684.0,400.0,2003.0,34.0,dal,dal2012,2012
0.0,0,0.0,0.0,0.0,0.0,0.0,den,den2012,2012
0.0,1,1.0,209.0,19.0,75.0,5.0,den,den2012,2012
1.0,2,1.0,417.0,46.0,142.0,6.0,den,den2012,2012
2.0,3,2.0,701.0,77.0,294.0,7.0,den,den2012,2012
3.0,4,2.0,882.0,83.0,350.0,10.0,den,den2012,2012
5.0,5,2.0,1075.0,114.0,601.0,14.0,den,den2012,2012
8.0,6,6.0,1292.0,138.0,691.0,18.0,den,den2012,2012
9.0,7,7.0,1493.0,152.0,742.0,19.0,den,den2012,2012
9.0,8,8.0,1768.0,175.0,833.0,24.0,den,den2012,2012
11.0,9,10.0,1966.0,189.0,885.0,31.0,den,den2012,2012
14.0,10,12.0,2190.0,212.0,938.0,35.0,den,den2012,2012
15.0,11,13.0,2306.0,221.0,1086.0,37.0,den,den2012,2012
16.0,12,14.0,2541.0,244.0,1157.0,38.0,den,den2012,2012
17.0,13,15.0,2804.0,257.0,1218.0,39.0,den,den2012,2012
19.0,14,16.0,3026.0,274.0,1274.0,42.0,den,den2012,2012
19.0,15,16.0,3168.0,286.0,1365.0,48.0,den,den2012,2012
19.0,16,16.0,3194.0,289.0,1458.0,52.0,den,den2012,2012
0.0,0,0.0,0.0,0.0,0.0,0.0,det,det2012,2012
1.0,1,0.0,173.0,23.0,77.0,4.0,det,det2012,2012
2.0,2,0.0,374.0,50.0,225.0,7.0,det,det2012,2012
3.0,3,0.0,752.0,94.0,284.0,7.0,det,det2012,2012
3.0,4,0.0,852.0,114.0,411.0,9.0,det,det2012,2012
3.0,5,2.0,1138.0,137.0,482.0,12.0,det,det2012,2012
3.0,6,2.0,1263.0,150.0,653.0,17.0,det,det2012,2012
4.0,7,3.0,1499.0,174.0,786.0,17.0,det,det2012,2012
4.0,8,5.0,1714.0,188.0,850.0,18.0,det,det2012,2012
4.0,9,5.0,1921.0,222.0,1046.0,20.0,det,det2012,2012
6.0,10,6.0,2140.0,246.0,1141.0,23.0,det,det2012,2012
7.0,11,7.0,2436.0,280.0,1346.0,25.0,det,det2012,2012
8.0,12,10.0,2808.0,315.0,1433.0,27.0,det,det2012,2012
10.0,13,10.0,2956.0,342.0,1573.0,30.0,det,det2012,2012
10.0,14,11.0,3053.0,380.0,1672.0,31.0,det,det2012,2012
10.0,15,11.0,3324.0,411.0,1745.0,32.0,det,det2012,2012
11.0,16,11.0,3569.0,437.0,1889.0,33.0,det,det2012,2012
0.0,0,0.0,0.0,0.0,0.0,0.0,gnb,gnb2012,2012
1.0,1,0.0,191.0,30.0,186.0,4.0,gnb,gnb2012,2012
1.0,2,4.0,265.0,40.0,280.0,11.0,gnb,gnb2012,2012
1.0,3,4.0,376.0,54.0,407.0,12.0,gnb,gnb2012,2012
1.0,4,4.0,805.0,81.0,452.0,14.0,gnb,gnb2012,2012
2.0,5,5.0,1150.0,111.0,571.0,18.0,gnb,gnb2012,2012
2.0,6,8.0,1381.0,135.0,661.0,21.0,gnb,gnb2012,2012
2.0,7,9.0,1627.0,155.0,769.0,24.0,gnb,gnb2012,2012
4.0,8,9.0,1906.0,170.0,831.0,26.0,gnb,gnb2012,2012
5.0,9,10.0,2192.0,187.0,885.0,28.0,gnb,gnb2012,2012
6.0,10,12.0,2444.0,207.0,995.0,33.0,gnb,gnb2012,2012
6.0,11,12.0,2687.0,245.0,1142.0,34.0,gnb,gnb2012,2012
6.0,12,14.0,2806.0,259.0,1382.0,34.0,gnb,gnb2012,2012
6.0,13,15.0,3057.0,279.0,1517.0,34.0,gnb,gnb2012,2012
8.0,14,16.0,3164.0,292.0,1600.0,38.0,gnb,gnb2012,2012
8.0,15,18.0,3265.0,299.0,1679.0,45.0,gnb,gnb2012,2012
8.0,16,18.0,3492.0,336.0,1896.0,46.0,gnb,gnb2012,2012
0.0,0,0.0,0.0,0.0,0.0,0.0,htx,htx2012,2012
2.0,1,3.0,199.0,10.0,76.0,2.0,htx,htx2012,2012
2.0,2,3.0,251.0,17.0,141.0,5.0,htx,htx2012,2012
2.0,3,3.0,567.0,42.0,200.0,8.0,htx,htx2012,2012
4.0,4,5.0,734.0,56.0,358.0,12.0,htx,htx2012,2012
5.0,5,7.0,951.0,73.0,427.0,15.0,htx,htx2012,2012
5.0,6,7.0,1279.0,115.0,526.0,17.0,htx,htx2012,2012
6.0,7,9.0,1400.0,128.0,581.0,21.0,htx,htx2012,2012
7.0,8,9.0,1630.0,137.0,655.0,25.0,htx,htx2012,2012
9.0,9,11.0,1764.0,143.0,770.0,25.0,htx,htx2012,2012
10.0,10,11.0,2136.0,180.0,856.0,27.0,htx,htx2012,2012
11.0,11,11.0,2555.0,211.0,962.0,30.0,htx,htx2012,2012
13.0,12,14.0,2820.0,221.0,1051.0,36.0,htx,htx2012,2012
15.0,13,15.0,3109.0,263.0,1181.0,37.0,htx,htx2012,2012
16.0,14,15.0,3257.0,280.0,1305.0,42.0,htx,htx2012,2012
17.0,15,15.0,3428.0,303.0,1479.0,43.0,htx,htx2012,2012
17.0,16,15.0,3612.0,331.0,1560.0,44.0,htx,htx2012,2012
0.0,0,0.0,0.0,0.0,0.0,0.0,jax,jax2012,2012
1.0,1,0.0,266.0,26.0,123.0,2.0,jax,jax2012,2012
1.0,2,0.0,461.0,53.0,339.0,2.0,jax,jax2012,2012
1.0,3,1.0,774.0,70.0,463.0,2.0,jax,jax2012,2012
3.0,4,2.0,1018.0,97.0,601.0,2.0,jax,jax2012,2012
3.0,5,3.0,1305.0,138.0,815.0,3.0,jax,jax2012,2012
4.0,6,4.0,1587.0,164.0,884.0,5.0,jax,jax2012,2012
5.0,7,4.0,1759.0,188.0,950.0,7.0,jax,jax2012,2012
5.0,8,4.0,2044.0,219.0,1099.0,8.0,jax,jax2012,2012
6.0,9,5.0,2265.0,246.0,1237.0,10.0,jax,jax2012,2012
8.0,10,7.0,2769.0,289.0,1386.0,12.0,jax,jax2012,2012
9.0,11,9.0,3019.0,308.0,1496.0,13.0,jax,jax2012,2012
9.0,12,10.0,3131.0,342.0,1728.0,13.0,jax,jax2012,2012
11.0,13,10.0,3235.0,359.0,1894.0,14.0,jax,jax2012,2012
12.0,14,10.0,3444.0,383.0,2074.0,15.0,jax,jax2012,2012
12.0,15,12.0,3690.0,406.0,2177.0,18.0,jax,jax2012,2012
12.0,16,12.0,3832.0,444.0,2256.0,20.0,jax,jax2012,2012
0.0,0,0.0,0.0,0.0,0.0,0.0,kan,kan2012,2012
1.0,1,0.0,292.0,40.0,84.0,1.0,kan,kan2012,2012
1.0,2,0.0,470.0,75.0,285.0,1.0,kan,kan2012,2012
1.0,3,1.0,675.0,99.0,368.0,5.0,kan,kan2012,2012
1.0,4,2.0,864.0,136.0,472.0,8.0,kan,kan2012,2012
2.0,5,3.0,1029.0,145.0,605.0,12.0,kan,kan2012,2012
4.0,6,4.0,1347.0,183.0,750.0,13.0,kan,kan2012,2012
4.0,7,5.0,1556.0,209.0,885.0,13.0,kan,kan2012,2012
5.0,8,6.0,1772.0,240.0,1008.0,14.0,kan,kan2012,2012
7.0,9,6.0,1926.0,256.0,1103.0,15.0,kan,kan2012,2012
8.0,10,6.0,2146.0,284.0,1292.0,17.0,kan,kan2012,2012
8.0,11,7.0,2419.0,301.0,1387.0,19.0,kan,kan2012,2012
9.0,12,7.0,2639.0,322.0,1552.0,21.0,kan,kan2012,2012
10.0,13,7.0,2837.0,352.0,1706.0,24.0,kan,kan2012,2012
12.0,14,7.0,3019.0,367.0,1909.0,24.0,kan,kan2012,2012
13.0,15,7.0,3217.0,387.0,1999.0,27.0,kan,kan2012,2012
14.0,16,7.0,3533.0,425.0,2171.0,27.0,kan,kan2012,2012
0.0,0,0.0,0.0,0.0,0.0,0.0,mia,mia2012,2012
0.0,1,0.0,254.0,30.0,83.0,2.0,mia,mia2012,2012
0.0,2,1.0,627.0,43.0,106.0,2.0,mia,mia2012,2012
0.0,3,3.0,922.0,66.0,199.0,4.0,mia,mia2012,2012
2.0,4,5.0,1191.0,90.0,227.0,12.0,mia,mia2012,2012
4.0,5,7.0,1409.0,103.0,307.0,15.0,mia,mia2012,2012
6.0,6,7.0,1709.0,117.0,469.0,18.0,mia,mia2012,2012
7.0,7,8.0,1967.0,126.0,574.0,22.0,mia,mia2012,2012
9.0,8,8.0,2386.0,149.0,671.0,23.0,mia,mia2012,2012
9.0,9,8.0,2502.0,186.0,848.0,24.0,mia,mia2012,2012
11.0,10,8.0,2663.0,205.0,968.0,27.0,mia,mia2012,2012
11.0,11,8.0,2879.0,226.0,1064.0,29.0,mia,mia2012,2012
11.0,12,9.0,3092.0,249.0,1172.0,33.0,mia,mia2012,2012
12.0,13,9.0,3258.0,276.0,1327.0,37.0,mia,mia2012,2012
12.0,14,9.0,3471.0,279.0,1413.0,39.0,mia,mia2012,2012
15.0,15,10.0,3698.0,289.0,1567.0,41.0,mia,mia2012,2012
15.0,16,10.0,3974.0,317.0,1734.0,42.0,mia,mia2012,2012
0.0,0,0.0,0.0,0.0,0.0,0.0,min,min2012,2012
0.0,1,0.0,242.0,23.0,113.0,2.0,min,min2012,2012
0.0,2,0.0,436.0,46.0,197.0,4.0,min,min2012,2012
2.0,3,1.0,627.0,59.0,286.0,7.0,min,min2012,2012
3.0,4,1.0,913.0,72.0,341.0,12.0,min,min2012,2012
5.0,5,2.0,1128.0,79.0,393.0,14.0,min,min2012,2012
6.0,6,3.0,1306.0,117.0,576.0,15.0,min,min2012,2012
8.0,7,4.0,1536.0,131.0,702.0,22.0,min,min2012,2012
8.0,8,4.0,1793.0,167.0,861.0,23.0,min,min2012,2012
8.0,9,4.0,1983.0,197.0,1056.0,24.0,min,min2012,2012
9.0,10,5.0,2291.0,221.0,1116.0,26.0,min,min2012,2012
10.0,11,6.0,2474.0,249.0,1229.0,27.0,min,min2012,2012
10.0,12,7.0,2757.0,272.0,1381.0,29.0,min,min2012,2012
11.0,13,9.0,3077.0,286.0,1499.0,31.0,min,min2012,2012
12.0,14,10.0,3422.0,308.0,1586.0,35.0,min,min2012,2012
14.0,15,10.0,3575.0,314.0,1620.0,39.0,min,min2012,2012
15.0,16,10.0,3908.0,348.0,1692.0,44.0,min,min2012,2012
0.0,0,0.0,0.0,0.0,0.0,0.0,nor,nor2012,2012
1.0,1,0.0,306.0,40.0,153.0,2.0,nor,nor2012,2012
1.0,2,0.0,550.0,75.0,372.0,3.0,nor,nor2012,2012
2.0,3,1.0,787.0,102.0,645.0,6.0,nor,nor2012,2012
2.0,4,2.0,1106.0,130.0,747.0,6.0,nor,nor2012,2012
3.0,5,3.0,1416.0,154.0,864.0,11.0,nor,nor2012,2012
4.0,6,3.0,1827.0,182.0,966.0,13.0,nor,nor2012,2012
6.0,7,3.0,2132.0,216.0,1191.0,13.0,nor,nor2012,2012
8.0,8,4.0,2358.0,229.0,1412.0,20.0,nor,nor2012,2012
8.0,9,5.0,2766.0,256.0,1458.0,21.0,nor,nor2012,2012
8.0,10,7.0,3050.0,273.0,1578.0,24.0,nor,nor2012,2012
8.0,11,8.0,3281.0,304.0,1722.0,24.0,nor,nor2012,2012
9.0,12,8.0,3440.0,327.0,1846.0,25.0,nor,nor2012,2012
9.0,13,10.0,3699.0,379.0,1981.0,25.0,nor,nor2012,2012
10.0,14,14.0,4018.0,379.0,2048.0,27.0,nor,nor2012,2012
11.0,15,14.0,4424.0,410.0,2088.0,29.0,nor,nor2012,2012
11.0,16,15.0,4681.0,454.0,2361.0,30.0,nor,nor2012,2012
0.0,0,0.0,0.0,0.0,0.0,0.0,nwe,nwe2012,2012
1.0,1,1.0,264.0,13.0,20.0,2.0,nwe,nwe2012,2012
3.0,2,1.0,404.0,33.0,122.0,4.0,nwe,nwe2012,2012
3.0,3,2.0,786.0,64.0,243.0,4.0,nwe,nwe2012,2012
6.0,4,6.0,1126.0,92.0,341.0,7.0,nwe,nwe2012,2012
9.0,5,6.0,1450.0,113.0,411.0,9.0,nwe,nwe2012,2012
11.0,6,6.0,1733.0,137.0,496.0,11.0,nwe,nwe2012,2012
13.0,7,7.0,2030.0,163.0,602.0,15.0,nwe,nwe2012,2012
14.0,8,9.0,2249.0,170.0,709.0,17.0,nwe,nwe2012,2012
17.0,9,10.0,2568.0,201.0,871.0,20.0,nwe,nwe2012,2012
20.0,10,13.0,2897.0,225.0,990.0,21.0,nwe,nwe2012,2012
24.0,11,14.0,3183.0,244.0,1109.0,23.0,nwe,nwe2012,2012
28.0,12,14.0,3359.0,260.0,1210.0,26.0,nwe,nwe2012,2012
29.0,13,15.0,3582.0,274.0,1310.0,28.0,nwe,nwe2012,2012
30.0,14,16.0,3790.0,315.0,1490.0,29.0,nwe,nwe2012,2012
30.0,15,19.0,4133.0,331.0,1583.0,30.0,nwe,nwe2012,2012
30.0,16,20.0,4342.0,331.0,1630.0,37.0,nwe,nwe2012,2012
0.0,0,0.0,0.0,0.0,0.0,0.0,nyg,nyg2012,2012
0.0,1,1.0,290.0,24.0,143.0,2.0,nyg,nyg2012,2012
1.0,2,3.0,518.0,58.0,222.0,4.0,nyg,nyg2012,2012
2.0,3,6.0,785.0,65.0,282.0,6.0,nyg,nyg2012,2012
2.0,4,6.0,1016.0,84.0,473.0,8.0,nyg,nyg2012,2012
3.0,5,8.0,1307.0,111.0,557.0,8.0,nyg,nyg2012,2012
3.0,6,11.0,1541.0,114.0,637.0,14.0,nyg,nyg2012,2012
7.0,7,12.0,1773.0,137.0,885.0,17.0,nyg,nyg2012,2012
8.0,8,16.0,2188.0,161.0,904.0,21.0,nyg,nyg2012,2012
10.0,9,17.0,2379.0,185.0,1062.0,25.0,nyg,nyg2012,2012
11.0,10,17.0,2578.0,216.0,1138.0,25.0,nyg,nyg2012,2012
12.0,11,18.0,2779.0,226.0,1254.0,30.0,nyg,nyg2012,2012
14.0,12,18.0,2942.0,243.0,1461.0,30.0,nyg,nyg2012,2012
16.0,13,20.0,3287.0,270.0,1603.0,31.0,nyg,nyg2012,2012
16.0,14,20.0,3552.0,304.0,1732.0,32.0,nyg,nyg2012,2012
16.0,15,20.0,3861.0,337.0,1956.0,32.0,nyg,nyg2012,2012
16.0,16,21.0,4068.0,344.0,2066.0,33.0,nyg,nyg2012,2012
0.0,0,0.0,0.0,0.0,0.0,0.0,nyj,nyj2012,2012
1.0,1,3.0,195.0,28.0,195.0,0.0,nyj,nyj2012,2012
1.0,2,3.0,460.0,55.0,261.0,3.0,nyj,nyj2012,2012
2.0,3,4.0,656.0,75.0,446.0,3.0,nyj,nyj2012,2012
4.0,4,4.0,790.0,109.0,693.0,5.0,nyj,nyj2012,2012
4.0,5,5.0,999.0,132.0,862.0,5.0,nyj,nyj2012,2012
6.0,6,7.0,1256.0,141.0,903.0,9.0,nyj,nyj2012,2012
7.0,7,7.0,1506.0,170.0,1034.0,10.0,nyj,nyj2012,2012
8.0,8,7.0,1645.0,200.0,1131.0,12.0,nyj,nyj2012,2012
11.0,9,7.0,1834.0,228.0,1305.0,16.0,nyj,nyj2012,2012
14.0,10,8.0,2001.0,241.0,1419.0,17.0,nyj,nyj2012,2012
15.0,11,8.0,2324.0,290.0,1571.0,17.0,nyj,nyj2012,2012
15.0,12,9.0,2380.0,296.0,1652.0,19.0,nyj,nyj2012,2012
15.0,13,11.0,2548.0,306.0,1775.0,22.0,nyj,nyj2012,2012
15.0,14,11.0,2675.0,320.0,1942.0,26.0,nyj,nyj2012,2012
15.0,15,11.0,2811.0,347.0,2029.0,30.0,nyj,nyj2012,2012
16.0,16,11.0,3036.0,375.0,2138.0,30.0,nyj,nyj2012,2012
0.0,0,0.0,0.0,0.0,0.0,0.0,oti,oti2012,2012
0.0,1,0.0,228.0,34.0,162.0,1.0,oti,oti2012,2012
3.0,2,1.0,496.0,72.0,310.0,5.0,oti,oti2012,2012
4.0,3,1.0,938.0,113.0,451.0,6.0,oti,oti2012,2012
4.0,4,1.0,1140.0,151.0,546.0,6.0,oti,oti2012,2012
4.0,5,3.0,1398.0,181.0,721.0,7.0,oti,oti2012,2012
4.0,6,4.0,1754.0,204.0,777.0,8.0,oti,oti2012,2012
5.0,7,5.0,1970.0,238.0,943.0,9.0,oti,oti2012,2012
7.0,8,6.0,2256.0,257.0,1114.0,11.0,oti,oti2012,2012
8.0,9,6.0,2461.0,308.0,1274.0,14.0,oti,oti2012,2012
9.0,10,9.0,2662.0,311.0,1328.0,16.0,oti,oti2012,2012
9.0,11,10.0,2883.0,335.0,1428.0,23.0,oti,oti2012,2012
10.0,12,10.0,3090.0,359.0,1552.0,23.0,oti,oti2012,2012
11.0,13,12.0,3261.0,386.0,1650.0,27.0,oti,oti2012,2012
12.0,14,16.0,3368.0,396.0,1796.0,31.0,oti,oti2012,2012
12.0,15,16.0,3711.0,451.0,1913.0,32.0,oti,oti2012,2012
13.0,16,19.0,3964.0,471.0,2035.0,39.0,oti,oti2012,2012
0.0,0,0.0,0.0,0.0,0.0,0.0,phi,phi2012,2012
1.0,1,4.0,111.0,16.0,99.0,2.0,phi,phi2012,2012
2.0,2,5.0,325.0,39.0,210.0,4.0,phi,phi2012,2012
2.0,3,5.0,518.0,66.0,309.0,7.0,phi,phi2012,2012
2.0,4,6.0,827.0,83.0,366.0,7.0,phi,phi2012,2012
2.0,5,6.0,1047.0,99.0,489.0,7.0,phi,phi2012,2012
3.0,6,7.0,1358.0,125.0,627.0,7.0,phi,phi2012,2012
4.0,7,7.0,1604.0,155.0,773.0,9.0,phi,phi2012,2012
7.0,8,7.0,1835.0,183.0,913.0,11.0,phi,phi2012,2012
8.0,9,7.0,2028.0,221.0,1014.0,14.0,phi,phi2012,2012
10.0,10,7.0,2220.0,252.0,1183.0,16.0,phi,phi2012,2012
10.0,11,7.0,2509.0,282.0,1292.0,18.0,phi,phi2012,2012
10.0,12,7.0,2803.0,320.0,1415.0,20.0,phi,phi2012,2012
10.0,13,7.0,2981.0,341.0,1551.0,22.0,phi,phi2012,2012
12.0,14,7.0,3073.0,375.0,1708.0,28.0,phi,phi2012,2012
13.0,15,8.0,3258.0,402.0,1836.0,29.0,phi,phi2012,2012
13.0,16,8.0,3470.0,444.0,2021.0,30.0,phi,phi2012,2012
0.0,0,0.0,0.0,0.0,0.0,0.0,pit,pit2012,2012
1.0,1,0.0,240.0,31.0,94.0,2.0,pit,pit2012,2012
1.0,2,0.0,369.0,41.0,184.0,4.0,pit,pit2012,2012
1.0,3,1.0,571.0,75.0,303.0,5.0,pit,pit2012,2012
5.0,4,1.0,739.0,89.0,381.0,8.0,pit,pit2012,2012
7.0,5,2.0,1004.0,115.0,475.0,11.0,pit,pit2012,2012
7.0,6,3.0,1109.0,132.0,555.0,11.0,pit,pit2012,2012
7.0,7,3.0,1278.0,144.0,641.0,12.0,pit,pit2012,2012
8.0,8,4.0,1392.0,164.0,709.0,14.0,pit,pit2012,2012
8.0,9,5.0,1540.0,177.0,851.0,16.0,pit,pit2012,2012
9.0,10,5.0,1693.0,190.0,898.0,18.0,pit,pit2012,2012
9.0,11,6.0,1823.0,210.0,1006.0,22.0,pit,pit2012,2012
10.0,12,7.0,2000.0,230.0,1117.0,25.0,pit,pit2012,2012
10.0,13,7.0,2200.0,264.0,1211.0,26.0,pit,pit2012,2012
11.0,14,7.0,2528.0,291.0,1298.0,27.0,pit,pit2012,2012
12.0,15,9.0,2781.0,304.0,1312.0,33.0,pit,pit2012,2012
15.0,16,10.0,2963.0,314.0,1450.0,37.0,pit,pit2012,2012
0.0,0,0.0,0.0,0.0,0.0,0.0,rai,rai2012,2012
0.0,1,0.0,226.0,22.0,32.0,1.0,rai,rai2012,2012
0.0,2,0.0,415.0,57.0,295.0,2.0,rai,rai2012,2012
4.0,3,0.0,794.0,88.0,349.0,3.0,rai,rai2012,2012
4.0,4,0.0,1132.0,125.0,514.0,3.0,rai,rai2012,2012
4.0,5,3.0,1373.0,148.0,559.0,4.0,rai,rai2012,2012
5.0,6,3.0,1528.0,171.0,613.0,7.0,rai,rai2012,2012
6.0,7,5.0,1725.0,187.0,715.0,10.0,rai,rai2012,2012
7.0,8,5.0,1962.0,229.0,993.0,11.0,rai,rai2012,2012
7.0,9,6.0,2303.0,284.0,1071.0,11.0,rai,rai2012,2012
8.0,10,6.0,2532.0,322.0,1222.0,11.0,rai,rai2012,2012
8.0,11,6.0,2726.0,356.0,1443.0,13.0,rai,rai2012,2012
8.0,12,8.0,3079.0,376.0,1565.0,14.0,rai,rai2012,2012
8.0,13,9.0,3367.0,402.0,1705.0,17.0,rai,rai2012,2012
8.0,14,10.0,3476.0,402.0,1715.0,21.0,rai,rai2012,2012
9.0,15,11.0,3635.0,419.0,1827.0,23.0,rai,rai2012,2012
9.0,16,11.0,3775.0,443.0,1897.0,25.0,rai,rai2012,2012
0.0,0,0.0,0.0,0.0,0.0,0.0,ram,ram2012,2012
0.0,1,3.0,346.0,27.0,83.0,1.0,ram,ram2012,2012
0.0,2,4.0,543.0,55.0,259.0,2.0,ram,ram2012,2012
0.0,3,5.0,714.0,78.0,362.0,4.0,ram,ram2012,2012
0.0,4,8.0,854.0,91.0,541.0,6.0,ram,ram2012,2012
1.0,5,8.0,1091.0,94.0,586.0,15.0,ram,ram2012,2012
2.0,6,8.0,1247.0,111.0,622.0,18.0,ram,ram2012,2012
2.0,7,8.0,1579.0,141.0,692.0,21.0,ram,ram2012,2012
2.0,8,8.0,1900.0,186.0,844.0,21.0,ram,ram2012,2012
5.0,9,8.0,2058.0,210.0,1027.0,26.0,ram,ram2012,2012
6.0,10,8.0,2223.0,237.0,1151.0,29.0,ram,ram2012,2012
6.0,11,12.0,2524.0,254.0,1225.0,31.0,ram,ram2012,2012
6.0,12,12.0,2715.0,267.0,1373.0,34.0,ram,ram2012,2012
7.0,13,13.0,2935.0,279.0,1434.0,38.0,ram,ram2012,2012
9.0,14,13.0,3044.0,315.0,1647.0,40.0,ram,ram2012,2012
11.0,15,17.0,3393.0,328.0,1727.0,45.0,ram,ram2012,2012
12.0,16,17.0,3602.0,348.0,1880.0,51.0,ram,ram2012,2012
0.0,0,0.0,0.0,0.0,0.0,0.0,rav,rav2012,2012
1.0,1,1.0,193.0,13.0,129.0,4.0,rav,rav2012,2012
2.0,2,3.0,550.0,37.0,258.0,6.0,rav,rav2012,2012
2.0,3,3.0,869.0,67.0,335.0,8.0,rav,rav2012,2012
3.0,4,4.0,1183.0,83.0,378.0,9.0,rav,rav2012,2012
4.0,5,6.0,1307.0,89.0,592.0,9.0,rav,rav2012,2012
4.0,6,7.0,1561.0,118.0,819.0,10.0,rav,rav2012,2012
5.0,7,7.0,1800.0,161.0,1000.0,12.0,rav,rav2012,2012
5.0,8,9.0,1974.0,176.0,1116.0,13.0,rav,rav2012,2012
5.0,9,10.0,2324.0,196.0,1188.0,16.0,rav,rav2012,2012
7.0,10,11.0,2499.0,206.0,1322.0,19.0,rav,rav2012,2012
7.0,11,11.0,2688.0,219.0,1413.0,25.0,rav,rav2012,2012
7.0,12,13.0,2958.0,242.0,1509.0,27.0,rav,rav2012,2012
9.0,13,13.0,3202.0,273.0,1688.0,30.0,rav,rav2012,2012
10.0,14,13.0,3389.0,307.0,1851.0,32.0,rav,rav2012,2012
10.0,15,13.0,3508.0,321.0,1918.0,35.0,rav,rav2012,2012
10.0,16,13.0,3650.0,344.0,1965.0,37.0,rav,rav2012,2012
0.0,0,0.0,0.0,0.0,0.0,0.0,sdg,sdg2012,2012
1.0,1,0.0,276.0,14.0,45.0,3.0,sdg,sdg2012,2012
1.0,2,1.0,450.0,24.0,83.0,3.0,sdg,sdg2012,2012
1.0,3,2.0,715.0,51.0,202.0,5.0,sdg,sdg2012,2012
5.0,4,5.0,949.0,71.0,317.0,7.0,sdg,sdg2012,2012
7.0,5,6.0,1300.0,102.0,370.0,10.0,sdg,sdg2012,2012
8.0,6,7.0,1609.0,137.0,426.0,10.0,sdg,sdg2012,2012
9.0,7,7.0,1726.0,144.0,559.0,12.0,sdg,sdg2012,2012
11.0,8,8.0,1902.0,157.0,672.0,13.0,sdg,sdg2012,2012
11.0,9,8.0,2107.0,191.0,746.0,14.0,sdg,sdg2012,2012
13.0,10,9.0,2360.0,221.0,879.0,17.0,sdg,sdg2012,2012
14.0,11,9.0,2676.0,237.0,1006.0,22.0,sdg,sdg2012,2012
16.0,12,11.0,2887.0,257.0,1134.0,23.0,sdg,sdg2012,2012
16.0,13,12.0,3158.0,281.0,1203.0,25.0,sdg,sdg2012,2012
17.0,14,12.0,3375.0,312.0,1358.0,27.0,sdg,sdg2012,2012
18.0,15,13.0,3531.0,329.0,1427.0,38.0,sdg,sdg2012,2012
18.0,16,14.0,3681.0,350.0,1542.0,38.0,sdg,sdg2012,2012
0.0,0,0.0,0.0,0.0,0.0,0.0,sea,sea2012,2012
2.0,1,1.0,210.0,20.0,43.0,1.0,sea,sea2012,2012
4.0,2,2.0,457.0,27.0,92.0,2.0,sea,sea2012,2012
5.0,3,2.0,641.0,39.0,176.0,10.0,sea,sea2012,2012
5.0,4,3.0,852.0,58.0,251.0,12.0,sea,sea2012,2012
8.0,5,3.0,960.0,70.0,333.0,16.0,sea,sea2012,2012
8.0,6,5.0,1348.0,93.0,420.0,17.0,sea,sea2012,2012
9.0,7,6.0,1486.0,106.0,595.0,19.0,sea,sea2012,2012
9.0,8,7.0,1817.0,134.0,679.0,21.0,sea,sea2012,2012
10.0,9,8.0,1861.0,154.0,922.0,25.0,sea,sea2012,2012
11.0,10,9.0,1962.0,161.0,1006.0,28.0,sea,sea2012,2012
11.0,11,10.0,2208.0,185.0,1195.0,29.0,sea,sea2012,2012
12.0,12,10.0,2441.0,202.0,1327.0,29.0,sea,sea2012,2012
15.0,13,14.0,2552.0,202.0,1370.0,32.0,sea,sea2012,2012
16.0,14,16.0,2767.0,219.0,1488.0,35.0,sea,sea2012,2012
18.0,15,17.0,2998.0,232.0,1570.0,36.0,sea,sea2012,2012
18.0,16,18.0,3250.0,245.0,1649.0,36.0,sea,sea2012,2012
0.0,0,0.0,0.0,0.0,0.0,0.0,sfo,sfo2012,2012
0.0,1,1.0,279.0,22.0,45.0,3.0,sfo,sfo2012,2012
0.0,2,2.0,493.0,41.0,127.0,5.0,sfo,sfo2012,2012
2.0,3,2.0,691.0,65.0,273.0,5.0,sfo,sfo2012,2012
4.0,4,3.0,791.0,65.0,318.0,8.0,sfo,sfo2012,2012
5.0,5,4.0,906.0,68.0,407.0,9.0,sfo,sfo2012,2012
5.0,6,4.0,1099.0,94.0,556.0,9.0,sfo,sfo2012,2012
5.0,7,5.0,1214.0,100.0,692.0,11.0,sfo,sfo2012,2012
5.0,8,6.0,1472.0,103.0,699.0,15.0,sfo,sfo2012,2012
6.0,9,6.0,1771.0,127.0,858.0,17.0,sfo,sfo2012,2012
9.0,10,8.0,1829.0,134.0,943.0,23.0,sfo,sfo2012,2012
9.0,11,10.0,2060.0,155.0,1002.0,28.0,sfo,sfo2012,2012
9.0,12,10.0,2268.0,171.0,1087.0,30.0,sfo,sfo2012,2012
11.0,13,10.0,2401.0,184.0,1181.0,32.0,sfo,sfo2012,2012
13.0,14,12.0,2826.0,218.0,1276.0,35.0,sfo,sfo2012,2012
13.0,15,13.0,2996.0,260.0,1452.0,36.0,sfo,sfo2012,2012
14.0,16,14.0,3203.0,273.0,1507.0,38.0,sfo,sfo2012,2012
0.0,0,0.0,0.0,0.0,0.0,0.0,was,was2012,2012
1.0,1,2.0,326.0,32.0,32.0,2.0,was,was2012,2012
4.0,2,3.0,627.0,63.0,183.0,4.0,was,was2012,2012
5.0,3,4.0,1012.0,101.0,276.0,6.0,was,was2012,2012
5.0,4,5.0,1305.0,123.0,356.0,7.0,was,was2012,2012
5.0,5,6.0,1643.0,147.0,439.0,8.0,was,was2012,2012
5.0,6,8.0,1970.0,173.0,533.0,11.0,was,was2012,2012
5.0,7,10.0,2299.0,200.0,597.0,12.0,was,was2012,2012
5.0,8,10.0,2514.0,227.0,737.0,13.0,was,was2012,2012
5.0,9,10.0,2715.0,248.0,866.0,13.0,was,was2012,2012
8.0,10,12.0,2892.0,254.0,946.0,17.0,was,was2012,2012
9.0,11,14.0,3315.0,285.0,981.0,19.0,was,was2012,2012
9.0,12,14.0,3588.0,301.0,1098.0,20.0,was,was2012,2012
10.0,13,15.0,3761.0,329.0,1284.0,22.0,was,was2012,2012
11.0,14,17.0,3994.0,350.0,1342.0,24.0,was,was2012,2012
12.0,15,18.0,4315.0,370.0,1432.0,29.0,was,was2012,2012
12.0,16,21.0,4511.0,388.0,1532.0,31.0,was,was2012,2012
0.0,0,0.0,0.0,0.0,0.0,0.0,atl,atl2013,2013
0.0,1,1.0,341.0,23.0,78.0,2.0,atl,atl2013,2013
0.0,2,2.0,693.0,47.0,147.0,2.0,atl,atl2013,2013
2.0,3,3.0,888.0,74.0,237.0,7.0,atl,atl2013,2013
2.0,4,3.0,1204.0,104.0,369.0,7.0,atl,atl2013,2013
2.0,5,3.0,1374.0,134.0,487.0,11.0,atl,atl2013,2013
0.0,0,0.0,0.0,0.0,0.0,0.0,buf,buf2013,2013
1.0,1,1.0,273.0,23.0,158.0,3.0,buf,buf2013,2013
1.0,2,2.0,456.0,46.0,283.0,9.0,buf,buf2013,2013
1.0,3,4.0,787.0,73.0,465.0,9.0,buf,buf2013,2013
1.0,4,9.0,1108.0,93.0,489.0,13.0,buf,buf2013,2013
3.0,5,9.0,1307.0,130.0,580.0,18.0,buf,buf2013,2013
0.0,0,0.0,0.0,0.0,0.0,0.0,car,car2013,2013
1.0,1,0.0,300.0,12.0,70.0,2.0,car,car2013,2013
2.0,2,1.0,587.0,36.0,219.0,3.0,car,car2013,2013
3.0,3,3.0,677.0,36.0,279.0,10.0,car,car2013,2013
3.0,4,6.0,837.0,58.0,369.0,12.0,car,car2013,2013
0.0,0,0.0,0.0,0.0,0.0,0.0,chi,chi2013,2013
2.0,1,2.0,277.0,21.0,63.0,1.0,chi,chi2013,2013
4.0,2,3.0,504.0,51.0,186.0,2.0,chi,chi2013,2013
7.0,3,5.0,883.0,74.0,266.0,5.0,chi,chi2013,2013
11.0,4,6.0,1111.0,114.0,425.0,6.0,chi,chi2013,2013
11.0,5,6.0,1392.0,140.0,491.0,8.0,chi,chi2013,2013
0.0,0,0.0,0.0,0.0,0.0,0.0,cin,cin2013,2013
0.0,1,1.0,242.0,24.0,81.0,0.0,cin,cin2013,2013
1.0,2,2.0,476.0,34.0,125.0,2.0,cin,cin2013,2013
2.0,3,4.0,693.0,64.0,307.0,6.0,cin,cin2013,2013
2.0,4,4.0,940.0,81.0,396.0,9.0,cin,cin2013,2013
5.0,5,5.0,1106.0,87.0,478.0,13.0,cin,cin2013,2013
0.0,0,0.0,0.0,0.0,0.0,0.0,cle,cle2013,2013
0.0,1,1.0,255.0,23.0,20.0,4.0,cle,cle2013,2013
1.0,2,1.0,452.0,37.0,119.0,6.0,cle,cle2013,2013
3.0,3,2.0,647.0,64.0,253.0,12.0,cle,cle2013,2013
4.0,4,3.0,850.0,70.0,316.0,14.0,cle,cle2013,2013
4.0,5,4.0,1038.0,94.0,471.0,18.0,cle,cle2013,2013
0.0,0,0.0,0.0,0.0,0.0,0.0,clt,clt2013,2013
0.0,1,2.0,201.0,17.0,171.0,1.0,clt,clt2013,2013
2.0,2,2.0,498.0,41.0,272.0,6.0,clt,clt2013,2013
3.0,3,3.0,637.0,48.0,387.0,9.0,clt,clt2013,2013
3.0,4,6.0,802.0,51.0,427.0,13.0,clt,clt2013,2013
5.0,5,7.0,1007.0,79.0,645.0,15.0,clt,clt2013,2013
0.0,0,0.0,0.0,0.0,0.0,0.0,crd,crd2013,2013
2.0,1,1.0,299.0,27.0,67.0,0.0,crd,crd2013,2013
2.0,2,1.0,572.0,48.0,116.0,1.0,crd,crd2013,2013
2.0,3,2.0,891.0,79.0,220.0,5.0,crd,crd2013,2013
2.0,4,4.0,1064.0,89.0,300.0,7.0,crd,crd2013,2013
3.0,5,7.0,1322.0,95.0,395.0,14.0,crd,crd2013,2013
0.0,0,0.0,0.0,0.0,0.0,0.0,dal,dal2013,2013
2.0,1,3.0,428.0,31.0,50.0,3.0,dal,dal2013,2013
2.0,2,3.0,627.0,48.0,164.0,7.0,dal,dal2013,2013
3.0,3,3.0,824.0,55.0,199.0,13.0,dal,dal2013,2013
3.0,4,4.0,1218.0,85.0,311.0,14.0,dal,dal2013,2013
5.0,5,5.0,1632.0,136.0,414.0,14.0,dal,dal2013,2013
0.0,0,0.0,0.0,0.0,0.0,0.0,den,den2013,2013
1.0,1,2.0,335.0,27.0,58.0,4.0,den,den2013,2013
1.0,2,6.0,688.0,50.0,81.0,5.0,den,den2013,2013
1.0,3,6.0,981.0,71.0,130.0,8.0,den,den2013,2013
1.0,4,6.0,1265.0,91.0,296.0,11.0,den,den2013,2013
2.0,5,7.0,1735.0,139.0,348.0,15.0,den,den2013,2013
0.0,0,0.0,0.0,0.0,0.0,0.0,det,det2013,2013
0.0,1,3.0,225.0,24.0,105.0,3.0,det,det2013,2013
0.0,2,4.0,486.0,49.0,192.0,4.0,det,det2013,2013
1.0,3,5.0,786.0,69.0,312.0,6.0,det,det2013,2013
3.0,4,8.0,1072.0,101.0,443.0,9.0,det,det2013,2013
4.0,5,8.0,1341.0,123.0,623.0,10.0,det,det2013,2013
0.0,0,0.0,0.0,0.0,0.0,0.0,gnb,gnb2013,2013
0.0,1,0.0,404.0,34.0,90.0,2.0,gnb,gnb2013,2013
0.0,2,1.0,718.0,54.0,198.0,3.0,gnb,gnb2013,2013
5.0,3,2.0,933.0,88.0,280.0,7.0,gnb,gnb2013,2013
6.0,4,2.0,1155.0,97.0,344.0,12.0,gnb,gnb2013,2013
0.0,0,0.0,0.0,0.0,0.0,0.0,htx,htx2013,2013
0.0,1,1.0,183.0,28.0,80.0,2.0,htx,htx2013,2013
0.0,2,1.0,312.0,52.0,199.0,6.0,htx,htx2013,2013
1.0,3,1.0,473.0,82.0,274.0,8.0,htx,htx2013,2013
3.0,4,2.0,564.0,105.0,453.0,13.0,htx,htx2013,2013
4.0,5,2.0,671.0,139.0,630.0,14.0,htx,htx2013,2013
0.0,0,0.0,0.0,0.0,0.0,0.0,jax,jax2013,2013
0.0,1,0.0,171.0,28.0,121.0,1.0,jax,jax2013,2013
2.0,2,0.0,285.0,47.0,347.0,4.0,jax,jax2013,2013
3.0,3,1.0,608.0,92.0,503.0,6.0,jax,jax2013,2013
3.0,4,2.0,888.0,129.0,660.0,8.0,jax,jax2013,2013
4.0,5,2.0,1096.0,163.0,803.0,10.0,jax,jax2013,2013
0.0,0,0.0,0.0,0.0,0.0,0.0,kan,kan2013,2013
0.0,1,2.0,107.0,2.0,71.0,6.0,kan,kan2013,2013
2.0,2,2.0,388.0,18.0,108.0,9.0,kan,kan2013,2013
3.0,3,4.0,555.0,34.0,372.0,15.0,kan,kan2013,2013
4.0,4,5.0,755.0,41.0,470.0,18.0,kan,kan2013,2013
5.0,5,7.0,989.0,58.0,575.0,21.0,kan,kan2013,2013
0.0,0,0.0,0.0,0.0,0.0,0.0,mia,mia2013,2013
1.0,1,3.0,244.0,10.0,47.0,6.0,mia,mia2013,2013
2.0,2,4.0,559.0,30.0,180.0,9.0,mia,mia2013,2013
3.0,3,5.0,790.0,53.0,326.0,9.0,mia,mia2013,2013
4.0,4,5.0,1187.0,91.0,394.0,11.0,mia,mia2013,2013
5.0,5,6.0,1438.0,117.0,527.0,13.0,mia,mia2013,2013
0.0,0,0.0,0.0,0.0,0.0,0.0,min,min2013,2013
1.0,1,1.0,357.0,34.0,112.0,0.0,min,min2013,2013
3.0,2,3.0,641.0,65.0,239.0,1.0,min,min2013,2013
3.0,3,6.0,947.0,96.0,342.0,4.0,min,min2013,2013
4.0,4,7.0,1304.0,123.0,419.0,9.0,min,min2013,2013
0.0,0,0.0,0.0,0.0,0.0,0.0,nor,nor2013,2013
2.0,1,1.0,279.0,17.0,88.0,3.0,nor,nor2013,2013
3.0,2,2.0,392.0,31.0,248.0,4.0,nor,nor2013,2013
4.0,3,4.0,553.0,38.0,334.0,8.0,nor,nor2013,2013
5.0,4,7.0,769.0,55.0,449.0,12.0,nor,nor2013,2013
6.0,5,7.0,1109.0,73.0,543.0,15.0,nor,nor2013,2013
0.0,0,0.0,0.0,0.0,0.0,0.0,nwe,nwe2013,2013
2.0,1,0.0,150.0,21.0,136.0,0.0,nwe,nwe2013,2013
4.0,2,3.0,339.0,31.0,265.0,4.0,nwe,nwe2013,2013
4.0,3,4.0,565.0,34.0,362.0,7.0,nwe,nwe2013,2013
5.0,4,5.0,964.0,57.0,420.0,9.0,nwe,nwe2013,2013
6.0,5,6.0,1143.0,70.0,582.0,11.5,nwe,nwe2013,2013
0.0,0,0.0,0.0,0.0,0.0,0.0,nyg,nyg2013,2013
1.0,1,1.0,244.0,36.0,87.0,2.0,nyg,nyg2013,2013
3.0,2,1.0,551.0,77.0,194.0,2.0,nyg,nyg2013,2013
3.0,3,2.0,759.0,115.0,388.0,3.0,nyg,nyg2013,2013
3.0,4,4.0,1047.0,146.0,490.0,4.0,nyg,nyg2013,2013
3.0,5,4.0,1346.0,182.0,630.0,5.0,nyg,nyg2013,2013
0.0,0,0.0,0.0,0.0,0.0,0.0,nyj,nyj2013,2013
2.0,1,1.0,185.0,17.0,65.0,3.0,nyj,nyj2013,2013
2.0,2,1.0,363.0,30.0,119.0,4.0,nyj,nyj2013,2013
4.0,3,1.0,571.0,50.0,239.0,12.0,nyj,nyj2013,2013
4.0,4,1.0,815.0,88.0,317.0,14.0,nyj,nyj2013,2013
6.0,5,1.0,1114.0,116.0,381.0,16.0,nyj,nyj2013,2013
0.0,0,0.0,0.0,0.0,0.0,0.0,oti,oti2013,2013
0.0,1,1.0,163.0,9.0,31.0,5.0,oti,oti2013,2013
0.0,2,3.0,443.0,39.0,203.0,7.0,oti,oti2013,2013
0.0,3,3.0,618.0,56.0,305.0,9.0,oti,oti2013,2013
2.0,4,5.0,857.0,69.0,396.0,14.0,oti,oti2013,2013
3.0,5,6.0,1090.0,95.0,516.0,16.0,oti,oti2013,2013
0.0,0,0.0,0.0,0.0,0.0,0.0,phi,phi2013,2013
1.0,1,2.0,308.0,27.0,74.0,3.0,phi,phi2013,2013
4.0,2,2.0,721.0,60.0,200.0,4.0,phi,phi2013,2013
4.0,3,2.0,969.0,86.0,346.0,9.0,phi,phi2013,2013
4.0,4,2.0,1300.0,138.0,487.0,10.0,phi,phi2013,2013
4.0,5,5.0,1630.0,159.0,540.0,11.0,phi,phi2013,2013
0.0,0,0.0,0.0,0.0,0.0,0.0,pit,pit2013,2013
0.0,1,0.0,117.0,16.0,112.0,1.0,pit,pit2013,2013
0.0,2,0.0,397.0,36.0,239.0,1.0,pit,pit2013,2013
1.0,3,0.0,548.0,76.0,346.0,3.0,pit,pit2013,2013
2.0,4,0.0,796.0,110.0,491.0,4.0,pit,pit2013,2013
0.0,0,0.0,0.0,0.0,0.0,0.0,rai,rai2013,2013
0.0,1,0.0,147.0,21.0,127.0,4.0,rai,rai2013,2013
0.0,2,0.0,361.0,30.0,161.0,9.0,rai,rai2013,2013
2.0,3,0.0,733.0,67.0,325.0,10.0,rai,rai2013,2013
3.0,4,0.0,950.0,91.0,447.0,11.0,rai,rai2013,2013
4.0,5,3.0,1341.0,108.0,479.0,13.0,rai,rai2013,2013
0.0,0,0.0,0.0,0.0,0.0,0.0,ram,ram2013,2013
4.0,1,1.0,304.0,24.0,86.0,4.0,ram,ram2013,2013
4.0,2,1.0,661.0,55.0,122.0,6.0,ram,ram2013,2013
5.0,3,1.0,864.0,86.0,315.0,7.0,ram,ram2013,2013
6.0,4,1.0,1015.0,121.0,534.0,9.0,ram,ram2013,2013
9.0,5,3.0,1282.0,141.0,630.0,11.0,ram,ram2013,2013
0.0,0,0.0,0.0,0.0,0.0,0.0,rav,rav2013,2013
1.0,1,0.0,445.0,49.0,65.0,3.0,rav,rav2013,2013
1.0,2,0.0,639.0,55.0,130.0,8.0,rav,rav2013,2013
1.0,3,1.0,809.0,64.0,224.0,11.0,rav,rav2013,2013
5.0,4,3.0,956.0,87.0,427.0,13.0,rav,rav2013,2013
5.0,5,3.0,1228.0,110.0,449.0,19.0,rav,rav2013,2013
0.0,0,0.0,0.0,0.0,0.0,0.0,sdg,sdg2013,2013
0.0,1,1.0,329.0,31.0,120.0,2.0,sdg,sdg2013,2013
0.0,2,1.0,751.0,61.0,220.0,3.0,sdg,sdg2013,2013
1.0,3,1.0,1033.0,81.0,390.0,5.0,sdg,sdg2013,2013
3.0,4,1.0,1260.0,102.0,482.0,8.0,sdg,sdg2013,2013
5.0,5,1.0,1455.0,129.0,586.0,12.0,sdg,sdg2013,2013
0.0,0,0.0,0.0,0.0,0.0,0.0,sea,sea2013,2013
2.0,1,0.0,119.0,7.0,134.0,1.0,sea,sea2013,2013
4.0,2,3.0,226.0,10.0,234.0,4.0,sea,sea2013,2013
4.0,3,5.0,440.0,27.0,285.0,7.0,sea,sea2013,2013
6.0,4,7.0,765.0,47.0,436.0,11.0,sea,sea2013,2013
8.0,5,7.0,973.0,81.0,545.0,13.0,sea,sea2013,2013
0.0,0,0.0,0.0,0.0,0.0,0.0,sfo,sfo2013,2013
1.0,1,1.0,322.0,28.0,63.0,2.0,sfo,sfo2013,2013
1.0,2,2.0,440.0,57.0,235.0,6.0,sfo,sfo2013,2013
1.0,3,2.0,592.0,84.0,419.0,7.0,sfo,sfo2013,2013
3.0,4,3.0,762.0,95.0,437.0,12.0,sfo,sfo2013,2013
4.0,5,6.0,944.0,98.0,568.0,13.0,sfo,sfo2013,2013
0.0,0,0.0,0.0,0.0,0.0,0.0,was,was2013,2013
2.0,1,0.0,180.0,33.0,263.0,3.0,was,was2013,2013
3.0,2,0.0,621.0,71.0,402.0,7.0,was,was2013,2013
3.0,3,1.0,999.0,98.0,465.0,8.0,was,was2013,2013
5.0,4,2.0,1193.0,112.0,569.0,15.0,was,was2013,2013
0.0,0,0.0,0.0,0.0,0.0,0.0,tam,tam2012,2012
1.0,1,2.0,291.0,10.0,10.0,3.0,tam,tam2012,2012
1.0,2,5.0,801.0,51.0,104.0,3.0,tam,tam2012,2012
3.0,3,6.0,1060.0,67.0,142.0,7.0,tam,tam2012,2012
4.0,4,6.0,1381.0,91.0,295.0,8.0,tam,tam2012,2012
4.0,5,8.0,1561.0,101.0,375.0,8.0,tam,tam2012,2012
4.0,6,9.0,1938.0,136.0,456.0,8.0,tam,tam2012,2012
6.0,7,10.0,2167.0,153.0,596.0,11.0,tam,tam2012,2012
8.0,8,13.0,2569.0,185.0,618.0,13.0,tam,tam2012,2012
8.0,9,15.0,2892.0,209.0,721.0,15.0,tam,tam2012,2012
9.0,10,15.0,3126.0,230.0,818.0,17.0,tam,tam2012,2012
10.0,11,16.0,3471.0,254.0,897.0,18.0,tam,tam2012,2012
10.0,12,17.0,3713.0,285.0,988.0,18.0,tam,tam2012,2012
10.0,13,17.0,4051.0,308.0,1017.0,24.0,tam,tam2012,2012
10.0,14,17.0,4349.0,349.0,1166.0,25.0,tam,tam2012,2012
11.0,15,18.0,4545.0,377.0,1255.0,25.0,tam,tam2012,2012
11.0,16,18.0,4758.0,394.0,1320.0,27.0,tam,tam2012,2012
0.0,0,0.0,0.0,0.0,0.0,0.0,tam,tam2013,2013
2.0,1,1.0,214.0,18.0,90.0,5.0,tam,tam2013,2013
3.0,2,3.0,510.0,34.0,165.0,9.0,tam,tam2013,2013
3.0,3,4.0,712.0,57.0,321.0,12.0,tam,tam2013,2013
5.0,4,6.0,952.0,70.0,377.0,13.0,tam,tam2013,2013
